DATE_FROM,DATE_TO,TYPE_OF_RESERVES,PRODUCT,TOTAL_MIN_CAPACITY_PRICE_[EUR/MW],TOTAL_AVERAGE_CAPACITY_PRICE_[EUR/MW],TOTAL_MARGINAL_CAPACITY_PRICE_[EUR/MW],TOTAL_MIN_ENERGY_PRICE_[EUR/MWh],TOTAL_AVERAGE_ENERGY_PRICE_[EUR/MWh],TOTAL_MARGINAL_ENERGY_PRICE_[EUR/MWh],GERMANY_MIN_CAPACITY_PRICE_[EUR/MW],GERMANY_AVERAGE_CAPACITY_PRICE_[EUR/MW],GERMANY_MARGINAL_CAPACITY_PRICE_[EUR/MW],GERMANY_MIN_ENERGY_PRICE_[EUR/MWh],GERMANY_AVERAGE_ENERGY_PRICE_[EUR/MWh],GERMANY_MARGINAL_ENERGY_PRICE_[EUR/MWh],GERMANY_IMPORT(-)_EXPORT(+)_[MW],AUSTRIA_MIN_CAPACITY_PRICE_[EUR/MW],AUSTRIA_AVERAGE_CAPACITY_PRICE_[EUR/MW],AUSTRIA_MARGINAL_CAPACITY_PRICE_[EUR/MW],AUSTRIA_MIN_ENERGY_PRICE_[EUR/MWh],AUSTRIA_AVERAGE_ENERGY_PRICE_[EUR/MWh],AUSTRIA_MARGINAL_ENERGY_PRICE_[EUR/MWh],AUSTRIA_IMPORT(-)_EXPORT(+)_[MW],GERMANY_SUM_OF_OFFERED_CAPACITY_[MW]
9/1/2020,9/1/2020,aFRR,POS_00_04,0.000,0.080,1.220,57.000,1122.280,8180.000,0.000,0.090,1.220,58.000,1211.060,8180.000,25.000,0.000,0.000,0.000,57.000,98.520,297.000,-25.000,
9/1/2020,9/1/2020,aFRR,POS_04_08,0.000,3.310,7.920,60.430,1595.410,8380.200,0.000,3.400,7.920,60.430,1658.840,8380.200,69.000,0.000,1.830,7.800,61.000,578.020,739.910,-69.000,
9/1/2020,9/1/2020,aFRR,POS_08_12,0.000,27.130,50.280,61.000,813.640,8180.000,0.000,26.910,50.280,77.100,842.850,8180.000,51.000,0.000,30.360,49.320,61.000,383.630,1342.070,-51.000,
9/1/2020,9/1/2020,aFRR,POS_12_16,0.000,8.950,35.920,58.000,1100.400,8180.000,0.000,8.700,29.520,64.970,1148.090,8180.000,80.000,0.000,13.450,35.920,58.000,216.970,970.310,-80.000,
9/1/2020,9/1/2020,aFRR,POS_16_20,0.000,47.680,70.360,72.000,836.750,8180.000,0.000,47.370,70.360,85.100,866.540,8180.000,42.000,0.000,51.770,68.440,72.000,442.600,5999.000,-42.000,
9/1/2020,9/1/2020,aFRR,POS_20_24,0.000,35.060,51.790,72.000,1031.040,9898.200,0.000,34.860,51.790,88.300,983.940,9898.200,32.000,0.000,37.450,51.720,72.000,1613.170,8773.680,-32.000,
9/1/2020,9/1/2020,aFRR,NEG_00_04,0.000,5.920,19.600,15.630,-889.990,-9999.000,0.000,6.030,19.360,15.630,-790.410,-9999.000,-34.000,0.000,4.990,19.600,13.000,-1726.690,-7800.000,34.000,
9/1/2020,9/1/2020,aFRR,NEG_04_08,0.000,3.680,14.000,16.100,-789.900,-9999.000,0.000,3.690,14.000,16.100,-727.410,-9999.000,-16.000,0.000,3.620,14.000,13.000,-1367.650,-7800.000,16.000,
9/1/2020,9/1/2020,aFRR,NEG_08_12,0.000,0.000,0.000,19.000,-151.970,-741.000,0.000,0.000,0.000,18.100,-160.510,-741.000,-42.000,0.000,0.000,0.000,19.000,-79.850,-701.000,42.000,
9/1/2020,9/1/2020,aFRR,NEG_12_16,0.000,0.000,0.000,17.100,-218.010,-1090.950,0.000,0.000,0.000,17.100,-222.860,-1090.950,-54.000,0.000,0.000,0.000,15.000,-180.470,-978.000,54.000,
9/1/2020,9/1/2020,aFRR,NEG_16_20,0.000,0.000,0.000,22.200,-166.770,-741.000,0.000,0.000,0.000,22.200,-179.680,-741.000,-60.000,0.000,0.000,0.000,21.000,-68.630,-294.230,60.000,
9/1/2020,9/1/2020,aFRR,NEG_20_24,0.000,0.000,0.000,22.200,-44.800,-235.950,0.000,0.000,0.000,22.200,-45.280,-235.950,-66.000,0.000,0.000,0.000,20.000,-41.250,-229.000,66.000,
9/2/2020,9/2/2020,aFRR,POS_00_04,0.000,0.070,1.110,58.000,1333.800,8834.800,0.000,0.080,1.110,58.000,1473.410,8834.800,-36.000,0.000,0.010,0.600,70.000,146.500,297.000,36.000,
9/2/2020,9/2/2020,aFRR,POS_04_08,0.000,4.360,11.760,70.000,919.200,8180.000,0.000,4.670,11.760,83.000,965.450,8180.000,-23.000,0.000,1.460,10.760,70.000,488.180,676.280,23.000,
9/2/2020,9/2/2020,aFRR,POS_08_12,0.000,26.980,37.500,85.000,729.220,8238.500,0.000,27.120,37.500,85.000,770.640,8238.500,-17.000,7.600,25.570,37.160,85.000,315.260,1340.730,17.000,
9/2/2020,9/2/2020,aFRR,POS_12_16,0.000,6.640,11.920,74.100,1651.950,9148.200,0.000,6.660,10.110,74.100,1726.590,9148.200,76.000,0.000,6.190,11.920,101.000,312.010,819.280,-76.000,
9/2/2020,9/2/2020,aFRR,POS_16_20,0.000,39.770,52.640,85.000,815.870,9929.500,0.000,39.630,52.640,86.000,854.090,9929.500,19.000,12.960,41.400,52.480,85.000,370.580,5993.000,-19.000,
9/2/2020,9/2/2020,aFRR,POS_20_24,0.000,29.830,39.400,85.000,1017.300,8675.800,0.000,29.830,39.400,89.000,1008.750,8675.800,43.000,9.360,29.780,39.120,85.000,1134.350,8452.000,-43.000,
9/2/2020,9/2/2020,aFRR,NEG_00_04,0.000,6.030,14.690,16.100,-864.200,-9999.000,0.000,6.380,14.690,16.100,-773.550,-9999.000,-76.000,0.000,3.550,14.000,12.490,-1502.760,-5999.000,76.000,
9/2/2020,9/2/2020,aFRR,NEG_04_08,0.000,3.570,8.640,14.000,-788.880,-9999.000,0.000,3.780,8.640,14.000,-699.670,-9999.000,-48.000,0.000,1.920,8.440,12.000,-1472.330,-5999.000,48.000,
9/2/2020,9/2/2020,aFRR,NEG_08_12,0.000,0.000,0.000,16.040,-61.450,-246.000,0.000,0.000,0.000,16.040,-66.580,-246.000,-80.000,0.000,0.000,0.000,13.660,-25.470,-101.100,80.000,
9/2/2020,9/2/2020,aFRR,NEG_12_16,0.000,0.000,0.000,15.100,-105.130,-300.000,0.000,0.000,0.000,15.100,-113.960,-300.000,-80.000,0.000,0.000,0.000,15.000,-42.400,-154.310,80.000,
9/2/2020,9/2/2020,aFRR,NEG_16_20,0.000,0.000,0.000,21.000,-87.870,-300.000,0.000,0.000,0.000,20.000,-97.160,-300.000,-80.000,0.000,0.000,0.000,21.000,-23.660,-98.020,80.000,
9/2/2020,9/2/2020,aFRR,NEG_20_24,0.000,0.000,0.000,20.100,-37.200,-151.280,0.000,0.000,0.000,20.100,-39.930,-151.280,-80.000,0.000,0.000,0.000,19.850,-18.320,-68.000,80.000,
9/3/2020,9/3/2020,aFRR,POS_00_04,0.000,0.060,3.110,58.000,1123.890,8180.000,0.000,0.060,3.110,58.000,1234.440,8180.000,-41.000,0.000,0.040,1.520,70.000,196.770,291.550,41.000,
9/3/2020,9/3/2020,aFRR,POS_04_08,0.000,3.160,6.060,70.000,928.440,8180.000,0.000,3.340,6.060,74.000,975.960,8180.000,12.000,0.000,1.140,6.000,70.000,389.300,545.530,-12.000,
9/3/2020,9/3/2020,aFRR,POS_08_12,0.000,12.840,21.170,79.120,1177.590,8180.000,0.000,12.790,21.170,80.000,1227.010,8180.000,52.000,3.920,13.590,21.040,79.120,437.170,671.280,-52.000,
9/3/2020,9/3/2020,aFRR,POS_12_16,0.000,1.200,4.210,74.100,1386.260,8180.000,0.000,1.200,4.210,74.100,1452.450,8180.000,64.000,0.000,1.290,4.080,97.800,337.510,804.020,-64.000,
9/3/2020,9/3/2020,aFRR,POS_16_20,0.000,21.220,29.200,86.000,1491.600,9987.000,0.000,21.300,28.890,86.000,1541.040,9987.000,77.000,7.760,19.760,29.200,135.390,604.110,5999.000,-77.000,
9/3/2020,9/3/2020,aFRR,POS_20_24,0.000,16.640,20.800,78.000,989.780,8443.600,0.000,16.740,20.740,78.000,908.570,5000.000,80.000,5.520,14.690,20.800,164.230,2459.690,8443.600,-80.000,
9/3/2020,9/3/2020,aFRR,NEG_00_04,0.000,2.760,6.000,14.100,-2365.660,-9999.000,0.000,2.860,6.000,14.100,-2477.270,-9999.000,-44.000,0.000,2.000,5.960,12.490,-1478.760,-8500.000,44.000,
9/3/2020,9/3/2020,aFRR,NEG_04_08,0.000,1.450,4.000,14.100,-2263.990,-9999.000,0.000,1.620,4.000,14.100,-2450.330,-9999.000,-80.000,0.000,0.360,2.960,0.010,-1008.190,-5999.000,80.000,
9/3/2020,9/3/2020,aFRR,NEG_08_12,0.000,0.000,0.000,17.000,-42.930,-299.000,0.000,0.000,0.000,17.000,-47.310,-299.000,-80.000,0.000,0.000,0.000,13.660,-12.890,-46.560,80.000,
9/3/2020,9/3/2020,aFRR,NEG_12_16,0.000,0.000,0.000,15.100,-61.660,-300.000,0.000,0.000,0.000,15.100,-66.260,-300.000,-80.000,0.000,0.000,0.000,15.000,-29.140,-117.000,80.000,
9/3/2020,9/3/2020,aFRR,NEG_16_20,0.000,0.000,0.000,21.000,-38.910,-246.000,0.000,0.000,0.000,19.100,-42.770,-246.000,-80.000,0.000,0.000,0.000,21.000,-12.910,-38.000,80.000,
9/3/2020,9/3/2020,aFRR,NEG_20_24,0.000,0.000,0.000,19.850,-21.830,-133.280,0.000,0.000,0.000,18.000,-23.410,-133.280,-80.000,0.000,0.000,0.000,19.850,-10.950,-62.000,80.000,
9/4/2020,9/4/2020,aFRR,POS_00_04,0.000,0.000,0.560,52.770,1267.580,8180.000,0.000,0.000,0.560,52.770,1397.210,8180.000,-36.000,0.000,0.000,0.000,70.000,198.700,291.170,36.000,
9/4/2020,9/4/2020,aFRR,POS_04_08,0.000,1.660,3.880,74.120,1357.370,8180.000,0.000,1.780,3.880,78.000,1472.060,8180.000,-16.000,0.000,0.560,3.840,74.120,282.700,520.730,16.000,
9/4/2020,9/4/2020,aFRR,POS_08_12,0.000,14.190,25.440,79.000,1231.680,8180.000,0.000,15.110,25.440,79.000,1363.980,8180.000,-79.000,0.000,7.400,16.160,79.120,259.120,665.570,79.000,
9/4/2020,9/4/2020,aFRR,POS_12_16,0.000,0.360,1.880,72.000,1359.500,8180.000,0.000,0.380,1.880,72.000,1451.810,8180.000,-6.000,0.000,0.180,1.520,77.000,422.060,803.270,6.000,
9/4/2020,9/4/2020,aFRR,POS_16_20,0.000,19.670,25.000,82.270,745.610,5999.000,0.000,20.240,25.000,82.270,792.590,5000.000,-71.000,5.720,15.390,24.080,85.000,391.750,5999.000,71.000,
9/4/2020,9/4/2020,aFRR,POS_20_24,0.000,13.930,17.640,78.000,1022.730,8435.210,0.000,14.520,17.640,78.000,957.760,5000.000,-44.000,0.000,9.000,17.520,78.000,1566.710,8435.210,44.000,
9/4/2020,9/4/2020,aFRR,NEG_00_04,0.000,4.010,17.560,13.000,-1115.140,-9999.000,0.000,4.320,17.560,13.000,-1016.270,-9999.000,-76.000,0.000,1.860,13.920,12.490,-1803.660,-8200.000,76.000,
9/4/2020,9/4/2020,aFRR,NEG_04_08,0.000,1.090,5.120,13.230,-764.570,-9999.000,0.000,1.250,5.120,13.230,-735.840,-9999.000,-80.000,0.000,0.000,0.000,0.010,-959.540,-5999.000,80.000,
9/4/2020,9/4/2020,aFRR,NEG_08_12,0.000,0.000,0.000,17.000,-54.280,-300.000,0.000,0.000,0.000,17.000,-60.350,-300.000,-80.000,0.000,0.000,0.000,13.660,-12.170,-71.000,80.000,
9/4/2020,9/4/2020,aFRR,NEG_12_16,0.000,0.000,0.000,15.000,-33.300,-300.000,0.000,0.000,0.000,15.000,-34.120,-300.000,-80.000,0.000,0.000,0.000,15.000,-27.470,-114.000,80.000,
9/4/2020,9/4/2020,aFRR,NEG_16_20,0.000,0.000,0.000,21.000,-47.430,-300.000,0.000,0.000,0.000,18.000,-51.330,-300.000,-80.000,0.000,0.000,0.000,21.000,-19.550,-156.250,80.000,
9/4/2020,9/4/2020,aFRR,NEG_20_24,0.000,0.000,0.000,19.850,-13.320,-125.000,0.000,0.000,0.000,17.100,-13.020,-125.000,-72.000,0.000,0.000,0.000,19.850,-15.460,-114.000,72.000,
9/5/2020,9/5/2020,aFRR,POS_00_04,0.000,0.000,0.000,48.000,505.290,4841.570,0.000,0.000,0.000,55.300,541.730,4841.570,-43.000,0.000,0.000,0.000,48.000,204.490,280.640,43.000,
9/5/2020,9/5/2020,aFRR,POS_04_08,0.000,0.000,0.000,50.000,607.500,2895.100,0.000,0.000,0.000,64.420,649.600,2895.100,-19.000,0.000,0.000,0.000,50.000,230.890,411.820,19.000,
9/5/2020,9/5/2020,aFRR,POS_08_12,0.000,3.210,8.000,57.770,413.240,8180.000,0.000,3.170,8.000,57.770,430.780,8180.000,16.000,0.000,3.720,7.640,59.000,214.970,322.780,-16.000,
9/5/2020,9/5/2020,aFRR,POS_12_16,0.000,0.000,0.000,50.000,709.630,2795.510,0.000,0.000,0.000,58.000,754.510,2795.510,-49.000,0.000,0.000,0.000,50.000,343.890,770.490,49.000,
9/5/2020,9/5/2020,aFRR,POS_16_20,0.000,5.310,9.800,59.000,689.870,8220.000,0.000,5.220,8.670,69.000,696.730,8220.000,80.000,0.000,6.850,9.800,59.000,564.560,5999.000,-80.000,
9/5/2020,9/5/2020,aFRR,POS_20_24,0.000,6.070,10.600,59.000,724.100,9898.200,0.000,6.090,8.670,73.100,618.780,9898.200,80.000,0.000,5.690,10.600,59.000,2624.280,8426.770,-80.000,
9/5/2020,9/5/2020,aFRR,NEG_00_04,0.000,1.580,6.230,13.000,-1366.710,-9999.000,0.000,1.560,6.230,13.000,-1372.370,-9999.000,16.000,0.000,1.820,6.000,1.000,-1306.580,-5999.000,-16.000,
9/5/2020,9/5/2020,aFRR,NEG_04_08,0.000,0.570,4.510,13.000,-1791.160,-9999.000,0.000,0.570,4.510,13.000,-1824.720,-9999.000,-46.000,0.000,0.560,4.040,1.000,-1534.510,-8170.000,46.000,
9/5/2020,9/5/2020,aFRR,NEG_08_12,0.000,1.410,8.000,16.000,-908.030,-9999.000,0.000,1.610,8.000,16.000,-978.430,-9999.000,-80.000,0.000,0.000,0.000,1.000,-414.440,-5200.000,80.000,
9/5/2020,9/5/2020,aFRR,NEG_12_16,0.000,15.990,43.850,15.000,-1643.620,-9999.000,0.000,17.510,43.850,15.000,-1701.900,-9999.000,-80.000,0.000,5.330,26.040,1.000,-1233.160,-8170.000,80.000,
9/5/2020,9/5/2020,aFRR,NEG_16_20,0.000,2.560,18.320,17.000,-1057.290,-9999.000,0.000,2.930,18.320,17.000,-1154.690,-9999.000,-80.000,0.000,0.000,0.000,1.000,-369.610,-5999.000,80.000,
9/5/2020,9/5/2020,aFRR,NEG_20_24,0.000,0.000,0.000,16.000,-493.760,-5999.000,0.000,0.000,0.000,16.000,-515.840,-5999.000,-80.000,0.000,0.000,0.000,1.000,-344.190,-5200.000,80.000,
9/6/2020,9/6/2020,aFRR,POS_00_04,0.000,0.000,0.000,48.000,293.330,1142.140,0.000,0.000,0.000,58.000,308.900,1142.140,-76.000,0.000,0.000,0.000,48.000,183.240,273.820,76.000,
9/6/2020,9/6/2020,aFRR,POS_04_08,0.000,0.000,0.000,50.000,238.020,905.667,0.000,0.000,0.000,57.100,242.100,905.667,-42.000,0.000,0.000,0.000,50.000,205.950,323.720,42.000,
9/6/2020,9/6/2020,aFRR,POS_08_12,0.000,1.370,5.000,58.390,500.180,8501.000,0.000,1.390,5.000,69.000,511.870,8238.500,-40.000,0.000,1.160,4.480,58.390,400.880,8501.000,40.000,
9/6/2020,9/6/2020,aFRR,POS_12_16,0.000,0.020,4.000,50.000,548.030,9148.200,0.000,0.010,4.000,56.000,577.640,9148.200,-72.000,0.000,0.100,3.920,50.000,320.790,632.920,72.000,
9/6/2020,9/6/2020,aFRR,POS_16_20,0.000,2.280,6.500,57.930,649.850,9929.500,0.000,2.340,6.500,74.000,628.870,9929.500,-39.000,0.000,1.780,5.400,57.930,833.140,5923.670,39.000,
9/6/2020,9/6/2020,aFRR,POS_20_24,0.000,5.660,16.000,57.850,643.550,8474.900,0.000,6.170,16.000,73.000,551.520,8474.900,-80.000,0.000,1.940,9.920,57.850,1317.050,8028.950,80.000,
9/6/2020,9/6/2020,aFRR,NEG_00_04,0.000,2.570,5.420,13.000,-2119.420,-9999.000,0.000,2.650,5.420,13.000,-2189.270,-9999.000,-16.000,0.000,1.870,5.200,1.000,-1504.990,-5999.000,16.000,
9/6/2020,9/6/2020,aFRR,NEG_04_08,0.000,1.270,5.250,13.000,-1780.680,-9999.000,0.000,1.280,5.250,13.000,-1789.440,-9999.000,-38.000,0.000,1.160,5.240,1.000,-1711.780,-5999.000,38.000,
9/6/2020,9/6/2020,aFRR,NEG_08_12,0.000,1.800,5.330,15.100,-1544.710,-9999.000,0.000,2.020,5.330,15.100,-1632.300,-9999.000,-80.000,0.000,0.260,4.320,1.000,-923.430,-5900.000,80.000,
9/6/2020,9/6/2020,aFRR,NEG_12_16,0.000,11.300,19.580,13.500,-2740.160,-9999.000,0.000,11.820,19.580,13.500,-2862.000,-9999.000,-24.000,0.000,6.730,18.600,1.000,-1665.300,-9650.000,24.000,
9/6/2020,9/6/2020,aFRR,NEG_16_20,0.000,1.330,2.920,15.570,-3385.910,-9989.000,0.000,1.520,2.920,15.570,-3841.550,-9989.000,-80.000,0.000,0.000,0.000,1.000,-308.700,-1499.000,80.000,
9/6/2020,9/6/2020,aFRR,NEG_20_24,0.000,0.000,0.000,18.200,-10.250,-199.990,0.000,0.000,0.000,18.200,-6.820,-199.990,-51.000,0.000,0.000,0.000,1.000,-36.160,-199.000,51.000,
9/7/2020,9/7/2020,aFRR,POS_00_04,0.000,0.000,0.000,48.000,525.790,3399.000,0.000,0.000,0.000,60.000,571.530,3399.000,-61.000,0.000,0.000,0.000,48.000,194.640,269.520,61.000,
9/7/2020,9/7/2020,aFRR,POS_04_08,0.000,2.540,5.190,52.000,1212.960,9832.000,0.000,2.660,5.190,62.000,1281.460,9832.000,60.000,0.000,0.660,3.880,52.000,177.160,323.630,-60.000,
9/7/2020,9/7/2020,aFRR,POS_08_12,0.000,15.500,26.920,58.250,448.450,8180.000,0.000,16.080,26.920,75.000,480.760,8180.000,-72.000,0.000,11.060,24.720,58.250,202.820,309.590,72.000,
9/7/2020,9/7/2020,aFRR,POS_12_16,0.000,0.790,3.850,50.000,427.330,8180.000,0.000,0.880,3.850,62.000,445.530,8180.000,-36.000,0.000,0.060,2.920,50.000,269.160,632.000,36.000,
9/7/2020,9/7/2020,aFRR,POS_16_20,0.000,17.520,27.820,57.930,479.470,6909.700,0.000,18.060,27.820,85.000,467.630,6909.700,-54.000,0.000,13.180,27.640,57.930,574.060,5999.000,54.000,
9/7/2020,9/7/2020,aFRR,POS_20_24,0.000,13.100,20.650,57.850,632.230,9898.200,0.000,13.530,20.650,75.000,597.740,9898.200,-64.000,0.000,9.920,19.840,57.850,889.830,8121.730,64.000,
9/7/2020,9/7/2020,aFRR,NEG_00_04,0.000,0.860,4.000,14.100,-717.210,-9999.000,0.000,0.840,4.000,14.100,-645.410,-9999.000,2.000,0.000,1.100,3.960,8.000,-1434.470,-5916.540,-2.000,
9/7/2020,9/7/2020,aFRR,NEG_04_08,0.000,0.590,3.110,14.100,-684.560,-9999.000,0.000,0.590,3.110,14.100,-620.540,-9999.000,-37.000,0.000,0.600,2.920,9.000,-1221.790,-5929.180,37.000,
9/7/2020,9/7/2020,aFRR,NEG_08_12,0.000,0.000,0.000,18.760,-113.310,-1499.000,0.000,0.000,0.000,18.760,-94.610,-1499.000,-63.000,0.000,0.000,0.000,12.000,-248.810,-1481.250,63.000,
9/7/2020,9/7/2020,aFRR,NEG_12_16,0.000,0.000,0.000,15.230,-360.320,-5649.000,0.000,0.000,0.000,15.230,-330.130,-5649.000,77.000,0.000,0.000,0.000,9.000,-868.600,-5079.420,-77.000,
9/7/2020,9/7/2020,aFRR,NEG_16_20,0.000,0.000,0.000,19.800,-160.040,-1570.420,0.000,0.000,0.000,19.800,-153.530,-1570.420,-79.000,0.000,0.000,0.000,14.000,-205.320,-721.860,79.000,
9/7/2020,9/7/2020,aFRR,NEG_20_24,0.000,0.000,0.000,18.100,-46.020,-499.000,0.000,0.000,0.000,18.100,-46.060,-499.000,-80.000,0.000,0.000,0.000,15.000,-45.720,-198.020,80.000,
9/8/2020,9/8/2020,aFRR,POS_00_04,0.000,0.000,0.000,58.000,351.260,1482.182,0.000,0.000,0.000,62.700,374.670,1482.182,-69.000,0.000,0.000,0.000,58.000,186.110,274.360,69.000,
9/8/2020,9/8/2020,aFRR,POS_04_08,0.000,1.780,4.050,52.800,427.070,9832.000,0.000,1.990,4.050,65.000,458.030,9832.000,-45.000,0.000,0.100,2.800,52.800,176.620,323.630,45.000,
9/8/2020,9/8/2020,aFRR,POS_08_12,0.000,10.120,13.590,58.000,702.970,5000.000,0.000,10.470,13.590,67.630,734.640,5000.000,58.000,0.000,4.700,11.960,58.000,217.880,309.590,-58.000,
9/8/2020,9/8/2020,aFRR,POS_12_16,0.000,0.980,4.100,62.000,558.750,8180.000,0.000,1.080,4.100,62.000,591.670,8180.000,-40.000,0.000,0.080,3.920,62.000,272.620,527.300,40.000,
9/8/2020,9/8/2020,aFRR,POS_16_20,0.000,16.570,25.640,73.000,604.970,8180.000,0.000,17.090,25.640,77.100,617.550,8180.000,-14.000,0.000,11.730,25.360,73.000,486.910,5999.000,14.000,
9/8/2020,9/8/2020,aFRR,POS_20_24,0.000,14.370,19.540,57.850,419.090,9898.200,0.000,14.920,19.540,74.900,376.090,9898.200,-41.000,0.000,9.860,19.360,57.850,775.910,8121.730,41.000,
9/8/2020,9/8/2020,aFRR,NEG_00_04,0.000,5.810,19.050,14.160,-821.320,-9999.000,0.000,6.380,19.050,14.160,-752.030,-9999.000,-63.000,0.000,1.630,15.680,10.000,-1327.450,-9168.000,63.000,
9/8/2020,9/8/2020,aFRR,NEG_04_08,0.000,1.550,7.280,14.200,-797.260,-9999.000,0.000,1.640,7.280,14.200,-708.930,-9999.000,-45.000,0.000,0.790,4.000,10.000,-1502.850,-9168.000,45.000,
9/8/2020,9/8/2020,aFRR,NEG_08_12,0.000,0.000,0.000,18.800,-135.390,-941.000,0.000,0.000,0.000,18.800,-139.470,-941.000,-80.000,0.000,0.000,0.000,14.000,-106.150,-625.960,80.000,
9/8/2020,9/8/2020,aFRR,NEG_12_16,0.000,2.230,17.340,15.600,-731.040,-9999.000,0.000,2.540,17.340,15.600,-698.370,-9999.000,-80.000,0.000,0.030,1.400,13.000,-961.030,-9168.000,80.000,
9/8/2020,9/8/2020,aFRR,NEG_16_20,0.000,0.000,0.000,20.100,-284.080,-1604.143,0.000,0.000,0.000,20.100,-311.140,-1604.143,-80.000,0.000,0.000,0.000,18.000,-94.810,-620.000,80.000,
9/8/2020,9/8/2020,aFRR,NEG_20_24,0.000,0.000,0.000,18.800,-104.580,-920.429,0.000,0.000,0.000,18.800,-114.290,-920.429,-80.000,0.000,0.000,0.000,18.000,-36.510,-146.000,80.000,
9/9/2020,9/9/2020,aFRR,POS_00_04,0.000,0.000,0.000,55.440,342.190,1714.843,0.000,0.000,0.000,55.440,366.790,1714.843,-68.000,0.000,0.000,0.000,57.470,166.000,240.940,68.000,
9/9/2020,9/9/2020,aFRR,POS_04_08,0.000,1.580,2.960,52.000,966.770,8180.000,0.000,1.710,2.960,65.000,1038.570,8180.000,18.000,0.000,0.080,1.920,52.000,144.970,308.260,-18.000,
9/9/2020,9/9/2020,aFRR,POS_08_12,0.000,11.170,13.960,57.200,733.520,8544.500,0.000,11.850,13.960,66.300,787.870,8544.500,-10.000,0.000,4.190,13.800,57.200,176.600,267.710,10.000,
9/9/2020,9/9/2020,aFRR,POS_12_16,0.000,1.140,3.500,59.221,404.530,9312.200,0.000,1.290,3.500,59.221,431.720,9312.200,-70.000,0.000,0.050,1.920,62.950,198.180,524.550,70.000,
9/9/2020,9/9/2020,aFRR,POS_16_20,0.000,17.330,21.470,70.354,505.450,9808.800,0.000,17.570,21.470,70.354,501.480,9808.800,-10.000,0.000,14.890,21.360,75.000,544.480,5993.000,10.000,
9/9/2020,9/9/2020,aFRR,POS_20_24,0.000,14.650,19.050,57.850,448.540,9746.800,0.000,14.950,19.050,68.346,400.030,9746.800,-64.000,0.000,12.320,18.880,57.850,823.000,8113.610,64.000,
9/9/2020,9/9/2020,aFRR,NEG_00_04,0.000,4.680,10.800,15.300,-829.930,-9999.000,0.000,5.130,10.800,15.300,-834.200,-9999.000,-79.000,0.000,1.570,10.560,14.490,-800.370,-4466.200,79.000,
9/9/2020,9/9/2020,aFRR,NEG_04_08,0.000,1.330,4.260,18.900,-645.110,-9999.000,0.000,1.530,4.260,18.900,-613.750,-9999.000,-80.000,0.000,0.000,0.000,14.840,-851.300,-4487.490,80.000,
9/9/2020,9/9/2020,aFRR,NEG_08_12,0.000,0.000,0.000,20.620,-67.250,-814.863,0.000,0.000,0.000,20.620,-70.200,-814.863,-80.000,0.000,0.000,0.000,15.800,-46.740,-317.000,80.000,
9/9/2020,9/9/2020,aFRR,NEG_12_16,0.000,3.550,10.000,17.060,-587.830,-9999.000,0.000,4.050,10.000,17.060,-658.660,-9999.000,-80.000,0.000,0.000,0.000,12.000,-84.910,-416.000,80.000,
9/9/2020,9/9/2020,aFRR,NEG_16_20,0.000,0.000,0.000,20.000,-184.830,-1366.013,0.000,0.000,0.000,20.000,-204.820,-1366.013,-80.000,0.000,0.000,0.000,15.100,-47.550,-156.190,80.000,
9/9/2020,9/9/2020,aFRR,NEG_20_24,0.000,0.000,0.000,19.490,-69.050,-821.120,0.000,0.000,0.000,19.490,-75.370,-821.120,-80.000,0.000,0.000,0.000,15.000,-25.580,-74.000,80.000,
9/10/2020,9/10/2020,aFRR,POS_00_04,0.000,0.320,3.940,51.520,405.420,8180.000,0.000,0.370,3.940,51.520,442.430,8180.000,-80.000,0.000,0.000,0.000,57.400,147.130,196.960,80.000,
9/10/2020,9/10/2020,aFRR,POS_04_08,0.000,3.540,8.960,51.480,460.450,8380.200,0.000,3.590,8.600,65.000,488.130,8380.200,35.000,0.000,2.960,8.960,51.480,96.440,188.000,-35.000,
9/10/2020,9/10/2020,aFRR,POS_08_12,0.000,15.760,23.810,57.200,455.940,8180.000,0.000,15.740,23.810,71.520,483.070,8180.000,10.000,0.000,15.930,23.280,57.200,145.730,265.870,-10.000,
9/10/2020,9/10/2020,aFRR,POS_12_16,0.000,2.900,9.340,62.000,388.380,8180.000,0.000,3.180,9.340,62.000,419.600,8180.000,-69.000,0.000,0.830,9.120,62.950,153.800,502.520,69.000,
9/10/2020,9/10/2020,aFRR,POS_16_20,0.000,38.540,71.350,74.000,596.170,9487.650,0.000,38.560,71.350,77.000,570.070,9487.650,-80.000,0.000,38.330,68.920,74.000,789.180,5987.060,80.000,
9/10/2020,9/10/2020,aFRR,POS_20_24,0.000,31.660,60.800,57.850,639.330,9898.200,0.000,31.520,60.800,74.850,583.960,9898.200,-80.000,0.000,32.620,50.800,57.850,1034.180,8076.950,80.000,
9/10/2020,9/10/2020,aFRR,NEG_00_04,0.000,4.990,15.320,17.780,-692.790,-9999.000,0.000,5.540,15.320,17.780,-671.390,-9999.000,-80.000,0.000,1.210,6.400,11.000,-840.110,-4290.000,80.000,
9/10/2020,9/10/2020,aFRR,NEG_04_08,0.000,1.110,4.850,19.560,-651.210,-9999.000,0.000,1.280,4.850,19.560,-679.330,-9999.000,-80.000,0.000,0.000,0.000,12.000,-466.080,-4319.000,80.000,
9/10/2020,9/10/2020,aFRR,NEG_08_12,0.000,0.000,0.000,21.300,-94.080,-1784.710,0.000,0.000,0.000,21.300,-105.800,-1784.710,-80.000,0.000,0.000,0.000,16.000,-13.800,-64.000,80.000,
9/10/2020,9/10/2020,aFRR,NEG_12_16,0.000,1.450,5.590,16.490,-475.590,-9999.000,0.000,1.650,5.590,16.490,-540.220,-9999.000,-80.000,0.000,0.000,0.000,14.000,-25.040,-98.000,80.000,
9/10/2020,9/10/2020,aFRR,NEG_16_20,0.000,0.000,0.000,20.110,-118.540,-665.862,0.000,0.000,0.000,20.110,-133.940,-665.862,-80.000,0.000,0.000,0.000,19.000,-18.820,-60.160,80.000,
9/10/2020,9/10/2020,aFRR,NEG_20_24,0.000,0.000,0.000,22.300,-68.630,-635.532,0.000,0.000,0.000,22.300,-76.420,-635.532,-80.000,0.000,0.000,0.000,17.000,-14.440,-40.310,80.000,
9/11/2020,9/11/2020,aFRR,POS_00_04,0.000,0.120,1.930,52.390,1069.290,8370.000,0.000,0.140,1.930,52.390,1209.240,8370.000,-80.000,0.000,0.000,0.000,56.350,149.610,191.570,80.000,
9/11/2020,9/11/2020,aFRR,POS_04_08,0.000,3.950,10.080,60.010,1069.780,8380.200,0.000,3.940,7.050,65.000,1124.350,8380.200,80.000,0.000,4.160,10.080,60.010,109.340,172.910,-80.000,
9/11/2020,9/11/2020,aFRR,POS_08_12,0.000,20.720,34.000,57.200,653.590,8370.000,0.000,20.810,33.850,67.190,711.810,8370.000,-34.000,0.000,19.880,34.000,57.200,134.290,259.960,34.000,
9/11/2020,9/11/2020,aFRR,POS_12_16,0.000,1.500,4.100,59.420,1258.130,8370.000,0.000,1.520,4.100,59.420,1336.050,8370.000,51.000,0.000,1.110,3.640,68.060,150.540,238.540,-51.000,
9/11/2020,9/11/2020,aFRR,POS_16_20,0.000,41.950,64.260,66.450,623.070,9487.700,0.000,41.910,64.260,66.450,619.140,9487.700,-10.000,8.000,42.360,63.920,74.000,661.950,5981.070,10.000,
9/11/2020,9/11/2020,aFRR,POS_20_24,0.000,26.010,43.480,57.850,1292.810,9898.200,0.000,25.490,43.320,65.010,1370.060,9898.200,-30.000,8.000,30.540,43.480,57.850,614.030,5511.000,30.000,
9/11/2020,9/11/2020,aFRR,NEG_00_04,0.000,4.570,11.160,17.500,-726.030,-9999.000,0.000,5.090,11.160,17.500,-686.570,-9999.000,-80.000,0.000,0.950,3.840,0.200,-996.570,-5999.000,80.000,
9/11/2020,9/11/2020,aFRR,NEG_04_08,0.000,1.270,5.200,18.600,-668.530,-9999.000,0.000,1.460,5.200,18.600,-725.460,-9999.000,-80.000,0.000,0.000,0.000,15.000,-294.390,-1811.000,80.000,
9/11/2020,9/11/2020,aFRR,NEG_08_12,0.000,0.000,0.000,21.410,-99.320,-300.000,0.000,0.000,0.000,21.410,-113.230,-300.000,-80.000,0.000,0.000,0.000,18.000,-4.320,-19.000,80.000,
9/11/2020,9/11/2020,aFRR,NEG_12_16,0.000,0.820,4.000,17.100,-513.660,-9999.000,0.000,0.930,4.000,17.100,-584.620,-9999.000,-80.000,0.000,0.000,0.000,14.000,-12.590,-33.700,80.000,
9/11/2020,9/11/2020,aFRR,NEG_16_20,0.000,0.450,22.100,20.480,-567.900,-9999.000,0.000,0.520,22.100,20.480,-646.490,-9999.000,-80.000,0.000,0.000,0.000,18.000,-9.900,-33.480,80.000,
9/11/2020,9/11/2020,aFRR,NEG_20_24,0.000,0.000,0.000,20.740,-88.520,-298.750,0.000,0.000,0.000,20.740,-100.600,-298.750,-80.000,0.000,0.000,0.000,19.000,-7.600,-37.000,80.000,
9/12/2020,9/12/2020,aFRR,POS_00_04,0.000,0.000,0.000,56.350,1085.020,5000.000,0.000,0.000,0.000,60.800,1220.010,5000.000,-80.000,0.000,0.000,0.000,56.350,140.560,184.740,80.000,
9/12/2020,9/12/2020,aFRR,POS_04_08,0.000,0.080,4.240,60.270,947.960,3338.262,0.000,0.000,0.000,68.630,997.040,3338.262,80.000,0.000,1.390,4.240,60.270,113.150,172.740,-80.000,
9/12/2020,9/12/2020,aFRR,POS_08_12,0.000,4.670,12.410,63.200,1158.790,8500.000,0.000,4.580,12.410,63.200,1217.480,8500.000,73.000,1.880,6.250,12.360,72.800,181.390,259.570,-73.000,
9/12/2020,9/12/2020,aFRR,POS_12_16,0.000,0.000,0.000,58.000,714.190,3639.810,0.000,0.000,0.000,58.000,793.630,3639.810,-80.000,0.000,0.000,0.000,67.920,146.460,214.110,80.000,
9/12/2020,9/12/2020,aFRR,POS_16_20,0.000,15.320,31.890,73.540,1251.840,8370.000,0.000,14.990,31.890,73.940,1287.830,8370.000,50.000,0.000,20.070,30.000,73.540,733.890,5975.140,-50.000,
9/12/2020,9/12/2020,aFRR,POS_20_24,0.000,17.540,34.160,57.850,1087.220,9898.200,0.000,16.950,34.150,62.800,1151.150,9898.200,-75.000,0.000,21.900,34.160,57.850,620.860,5445.910,75.000,
9/12/2020,9/12/2020,aFRR,NEG_00_04,0.000,1.310,5.320,16.100,-717.400,-9999.000,0.000,1.290,5.320,16.100,-615.120,-9999.000,-58.000,0.000,1.420,4.000,15.000,-1469.880,-5999.000,58.000,
9/12/2020,9/12/2020,aFRR,NEG_04_08,0.000,0.300,2.060,15.000,-1222.440,-5999.000,0.000,0.320,2.060,14.860,-1271.230,-5999.000,-33.000,0.000,0.150,1.760,15.000,-826.850,-5999.000,33.000,
9/12/2020,9/12/2020,aFRR,NEG_08_12,0.000,0.790,4.030,16.100,-659.750,-9999.000,0.000,0.830,4.030,16.100,-663.810,-9999.000,-66.000,0.000,0.420,4.000,14.000,-629.450,-5450.000,66.000,
9/12/2020,9/12/2020,aFRR,NEG_12_16,0.000,28.410,67.600,88.000,-803.120,-9999.000,0.000,31.730,67.600,88.000,-772.500,-9999.000,-80.000,0.000,5.650,38.080,11.000,-1012.950,-5999.000,80.000,
9/12/2020,9/12/2020,aFRR,NEG_16_20,0.000,2.590,12.000,35.000,-932.880,-9999.000,0.000,2.760,12.000,35.000,-979.230,-9999.000,-80.000,0.000,1.400,10.760,18.000,-607.070,-5450.000,80.000,
9/12/2020,9/12/2020,aFRR,NEG_20_24,0.000,0.000,0.000,20.000,-74.200,-300.000,0.000,0.000,0.000,19.100,-83.510,-300.000,-80.000,0.000,0.000,0.000,20.000,-10.460,-35.720,80.000,
9/13/2020,9/13/2020,aFRR,POS_00_04,0.000,0.000,0.000,56.350,371.730,1782.182,0.000,0.000,0.000,59.470,407.230,1782.182,-80.000,0.000,0.000,0.000,56.350,121.460,165.750,80.000,
9/13/2020,9/13/2020,aFRR,POS_04_08,0.000,0.000,0.000,62.400,510.100,1713.000,0.000,0.000,0.000,62.400,534.210,1713.000,75.000,0.000,0.000,0.000,67.190,112.660,172.570,-75.000,
9/13/2020,9/13/2020,aFRR,POS_08_12,0.000,2.340,6.200,64.470,1451.200,8370.000,0.000,2.300,6.200,64.470,1609.470,8370.000,-49.000,0.000,2.710,5.920,71.910,167.890,206.950,49.000,
9/13/2020,9/13/2020,aFRR,POS_12_16,0.000,0.000,0.000,58.000,544.290,2384.000,0.000,0.000,0.000,58.000,578.230,2384.000,16.000,0.000,0.000,0.000,60.000,144.460,203.120,-16.000,
9/13/2020,9/13/2020,aFRR,POS_16_20,0.000,14.780,21.540,67.000,1188.340,9929.500,0.000,15.230,21.540,67.000,1270.300,9929.500,-75.000,0.000,11.380,19.320,72.880,573.130,5969.210,75.000,
9/13/2020,9/13/2020,aFRR,POS_20_24,0.000,16.570,26.260,57.850,714.270,8474.900,0.000,16.620,26.260,70.000,718.450,8474.900,-78.000,0.000,16.210,25.400,57.850,683.430,5388.730,78.000,
9/13/2020,9/13/2020,aFRR,NEG_00_04,0.000,1.940,6.250,15.100,-900.800,-9999.000,0.000,1.970,6.250,15.100,-840.230,-9999.000,-9.000,0.000,1.670,4.000,7.110,-1458.420,-5980.000,9.000,
9/13/2020,9/13/2020,aFRR,NEG_04_08,0.000,1.320,9.450,5.000,-869.790,-9999.000,0.000,1.330,9.450,5.000,-838.980,-9999.000,-19.000,0.000,1.170,9.400,2.000,-1134.970,-5250.000,19.000,
9/13/2020,9/13/2020,aFRR,NEG_08_12,0.000,15.520,45.000,25.000,-1148.290,-9999.000,0.000,16.700,45.000,25.000,-1136.950,-9999.000,-66.000,0.000,6.730,44.040,7.000,-1232.210,-5444.550,66.000,
9/13/2020,9/13/2020,aFRR,NEG_12_16,0.000,57.990,109.390,77.000,-1008.370,-9999.000,0.000,62.840,109.390,77.000,-965.120,-9999.000,-80.000,0.000,24.670,66.040,0.300,-1305.250,-5892.660,80.000,
9/13/2020,9/13/2020,aFRR,NEG_16_20,0.000,6.910,15.120,12.000,-1351.990,-9999.000,0.000,7.360,15.000,12.000,-1370.420,-9999.000,-57.000,0.000,3.540,15.120,8.520,-1214.490,-5177.500,57.000,
9/13/2020,9/13/2020,aFRR,NEG_20_24,0.000,0.000,0.000,19.470,-155.000,-737.770,0.000,0.000,0.000,19.470,-164.560,-737.770,-12.000,0.000,0.000,0.000,14.100,-67.400,-499.000,12.000,
9/14/2020,9/14/2020,aFRR,POS_00_04,0.000,0.000,0.000,56.350,268.500,1000.000,0.000,0.000,0.000,59.330,290.090,1000.000,-80.000,0.000,0.000,0.000,56.350,123.970,164.600,80.000,
9/14/2020,9/14/2020,aFRR,POS_04_08,0.000,3.190,10.440,62.400,1365.930,8380.200,0.000,2.840,10.380,62.400,1490.090,8380.200,-4.000,0.000,6.660,10.440,66.230,109.740,172.570,4.000,
9/14/2020,9/14/2020,aFRR,POS_08_12,0.000,24.990,55.920,67.000,760.500,8370.000,0.000,26.020,55.920,67.000,842.700,8370.000,-80.000,0.000,17.480,42.720,71.910,160.150,219.000,80.000,
9/14/2020,9/14/2020,aFRR,POS_12_16,0.000,2.380,6.500,65.000,727.880,8370.000,0.000,2.610,6.500,65.000,796.400,8370.000,-30.000,0.000,0.350,6.400,67.470,114.230,207.260,30.000,
9/14/2020,9/14/2020,aFRR,POS_16_20,0.000,40.670,64.680,67.000,963.660,8370.000,0.000,41.990,64.680,67.000,1002.810,8370.000,-80.000,0.000,31.220,59.200,72.880,683.790,5969.210,80.000,
9/14/2020,9/14/2020,aFRR,POS_20_24,0.000,24.700,46.000,57.850,693.450,9898.200,0.000,25.810,46.000,76.400,697.190,9898.200,-80.000,0.000,16.980,38.560,57.850,667.630,5388.730,80.000,
9/14/2020,9/14/2020,aFRR,NEG_00_04,0.000,3.120,8.120,14.000,-714.700,-5999.000,0.000,3.320,8.120,14.000,-656.320,-5999.000,-60.000,0.000,1.650,6.440,2.300,-1147.200,-5178.000,60.000,
9/14/2020,9/14/2020,aFRR,NEG_04_08,0.000,1.680,4.720,19.670,-707.020,-5999.000,0.000,1.790,4.720,19.670,-661.750,-5999.000,-77.000,0.000,0.910,4.680,8.580,-1019.000,-5178.000,77.000,
9/14/2020,9/14/2020,aFRR,NEG_08_12,0.000,0.000,0.000,20.100,-268.380,-2820.000,0.000,0.000,0.000,20.100,-292.460,-2820.000,-31.000,0.000,0.000,0.000,0.600,-67.310,-980.000,31.000,
9/14/2020,9/14/2020,aFRR,NEG_12_16,0.000,1.310,6.700,17.430,-339.210,-9999.000,0.000,1.330,6.700,17.430,-283.180,-9999.000,-11.000,0.000,1.120,6.160,11.970,-855.940,-4502.000,11.000,
9/14/2020,9/14/2020,aFRR,NEG_16_20,0.000,0.000,0.410,20.670,-1696.580,-9999.000,0.000,0.000,0.410,20.670,-1770.510,-9999.000,-58.000,0.000,0.000,0.000,0.360,-1134.090,-5444.550,58.000,
9/14/2020,9/14/2020,aFRR,NEG_20_24,0.000,0.000,0.000,20.670,-72.520,-300.000,0.000,0.000,0.000,20.670,-80.680,-300.000,-80.000,0.000,0.000,0.000,18.210,-17.440,-72.000,80.000,
9/15/2020,9/15/2020,aFRR,POS_00_04,0.000,3.320,25.000,56.350,803.620,8370.000,0.000,3.830,25.000,60.800,906.840,8370.000,-80.000,0.000,0.000,0.000,56.350,126.480,162.220,80.000,
9/15/2020,9/15/2020,aFRR,POS_04_08,0.000,24.610,115.000,62.400,936.550,9340.400,0.000,26.850,115.000,62.400,1052.980,9340.400,-80.000,0.000,8.770,15.920,64.000,113.580,172.570,80.000,
9/15/2020,9/15/2020,aFRR,POS_08_12,0.000,36.990,51.620,68.000,862.660,8370.000,0.000,37.950,51.620,68.200,959.980,8370.000,-80.000,0.000,29.980,44.320,68.000,148.780,217.310,80.000,
9/15/2020,9/15/2020,aFRR,POS_12_16,0.000,13.690,57.500,65.000,497.840,8370.000,0.000,15.260,57.500,65.000,551.620,8370.000,-80.000,0.000,2.110,7.280,65.500,102.760,207.260,80.000,
9/15/2020,9/15/2020,aFRR,POS_16_20,0.000,57.220,105.830,68.000,987.370,8370.000,0.000,58.700,105.830,75.300,1056.690,8370.000,-80.000,7.800,46.700,72.600,68.000,496.710,5969.210,80.000,
9/15/2020,9/15/2020,aFRR,POS_20_24,0.000,33.850,55.360,57.850,787.820,9898.200,0.000,34.170,55.360,76.400,840.910,9898.200,-66.000,0.000,31.460,55.240,57.850,398.280,5388.730,66.000,
9/15/2020,9/15/2020,aFRR,NEG_00_04,0.000,3.320,7.320,14.000,-782.640,-9999.000,0.000,3.550,7.320,14.000,-716.090,-9999.000,-44.000,0.000,1.460,7.320,5.000,-1309.600,-5999.000,44.000,
9/15/2020,9/15/2020,aFRR,NEG_04_08,0.000,1.730,16.000,24.000,-817.290,-9999.000,0.000,1.890,16.000,24.000,-787.430,-9999.000,-80.000,0.000,0.610,2.960,11.000,-1019.620,-5999.000,80.000,
9/15/2020,9/15/2020,aFRR,NEG_08_12,0.000,0.000,0.000,20.100,-193.070,-687.667,0.000,0.000,0.000,20.100,-218.710,-687.667,-80.000,0.000,0.000,0.000,15.000,-10.170,-61.000,80.000,
9/15/2020,9/15/2020,aFRR,NEG_12_16,0.000,0.890,3.740,15.100,-595.600,-9999.000,0.000,1.020,3.740,15.100,-664.190,-9999.000,-80.000,0.000,0.000,0.000,15.000,-121.660,-961.000,80.000,
9/15/2020,9/15/2020,aFRR,NEG_16_20,0.000,0.000,0.000,20.200,-271.700,-721.000,0.000,0.000,0.000,20.200,-299.430,-721.000,-53.000,0.000,0.000,0.000,19.800,-56.280,-498.000,53.000,
9/15/2020,9/15/2020,aFRR,NEG_20_24,0.000,0.000,0.000,20.200,-45.490,-217.000,0.000,0.000,0.000,20.200,-50.540,-217.000,-80.000,0.000,0.000,0.000,19.800,-10.580,-68.000,80.000,
9/16/2020,9/16/2020,aFRR,POS_00_04,0.000,14.600,50.000,53.130,878.950,8370.000,0.000,16.770,50.000,53.130,992.010,8370.000,-80.000,0.000,0.000,0.000,56.350,120.200,158.620,80.000,
9/16/2020,9/16/2020,aFRR,POS_04_08,0.000,27.290,50.000,64.000,738.730,9340.400,0.000,29.060,50.000,67.780,809.480,9340.400,-80.000,0.000,14.670,27.920,64.000,234.600,6444.000,80.000,
9/16/2020,9/16/2020,aFRR,POS_08_12,0.000,36.380,59.170,71.000,854.090,8370.000,0.000,36.460,59.170,78.000,907.320,8370.000,-9.000,7.480,35.590,58.160,71.000,306.760,6444.000,9.000,
9/16/2020,9/16/2020,aFRR,POS_12_16,0.000,10.840,17.700,65.000,856.520,8370.000,0.000,11.650,17.700,65.000,940.950,8370.000,-80.000,0.000,4.890,8.960,66.000,241.390,6444.000,80.000,
9/16/2020,9/16/2020,aFRR,POS_16_20,0.000,38.330,58.000,72.000,1083.250,8370.000,0.000,38.850,58.000,80.200,1101.610,8370.000,60.000,11.680,30.360,54.000,72.000,799.540,5963.240,-60.000,
9/16/2020,9/16/2020,aFRR,POS_20_24,0.000,24.780,34.000,72.000,761.280,8370.000,0.000,25.060,32.020,77.060,789.140,8370.000,80.000,7.880,19.690,34.000,72.000,256.340,314.250,-80.000,
9/16/2020,9/16/2020,aFRR,NEG_00_04,0.000,3.310,12.000,16.570,-783.760,-9999.000,0.000,3.400,12.000,16.570,-732.740,-9999.000,-56.000,0.000,2.650,11.680,12.000,-1170.380,-5941.460,56.000,
9/16/2020,9/16/2020,aFRR,NEG_04_08,0.000,1.470,5.710,19.830,-768.380,-9999.000,0.000,1.560,5.710,19.830,-709.230,-9999.000,-78.000,0.000,0.860,4.920,16.000,-1159.220,-5949.100,78.000,
9/16/2020,9/16/2020,aFRR,NEG_08_12,0.000,0.000,0.000,20.100,-87.890,-274.670,0.000,0.000,0.000,20.100,-99.730,-274.670,-80.000,0.000,0.000,0.000,17.000,-5.840,-27.000,80.000,
9/16/2020,9/16/2020,aFRR,NEG_12_16,0.000,0.450,2.570,18.690,-593.250,-9999.000,0.000,0.510,2.570,18.690,-671.520,-9999.000,-80.000,0.000,0.000,0.000,14.000,-40.330,-258.000,80.000,
9/16/2020,9/16/2020,aFRR,NEG_16_20,0.000,0.000,0.000,19.830,-131.050,-499.000,0.000,0.000,0.000,19.830,-144.620,-499.000,-80.000,0.000,0.000,0.000,19.000,-37.880,-249.000,80.000,
9/16/2020,9/16/2020,aFRR,NEG_20_24,0.000,0.000,0.000,19.830,-66.340,-220.620,0.000,0.000,0.000,19.830,-70.680,-220.620,-42.000,0.000,0.000,0.000,19.000,-31.110,-200.740,42.000,
9/17/2020,9/17/2020,aFRR,POS_00_04,0.000,6.770,17.400,53.200,621.680,8370.000,0.000,7.740,17.400,57.740,693.360,8370.000,-80.000,0.000,0.000,0.000,53.200,122.000,158.010,80.000,
9/17/2020,9/17/2020,aFRR,POS_04_08,0.000,19.830,28.200,65.000,691.310,8380.200,0.000,20.280,28.200,70.200,705.290,8380.200,-80.000,0.000,16.560,26.600,65.000,588.860,8350.000,80.000,
9/17/2020,9/17/2020,aFRR,POS_08_12,0.000,26.040,35.920,71.000,894.480,8370.000,0.000,25.940,34.220,78.000,906.430,8370.000,80.000,10.320,27.990,35.920,71.000,669.180,6437.560,-80.000,
9/17/2020,9/17/2020,aFRR,POS_12_16,0.000,6.140,11.000,65.000,392.330,8370.000,0.000,6.150,11.000,65.000,381.680,8370.000,-80.000,0.000,6.070,10.200,66.000,469.240,8350.000,80.000,
9/17/2020,9/17/2020,aFRR,POS_16_20,0.000,29.310,40.380,72.000,522.550,8370.000,0.000,29.630,40.380,83.040,477.130,8370.000,-49.000,0.000,26.560,39.920,72.000,904.510,8350.000,49.000,
9/17/2020,9/17/2020,aFRR,POS_20_24,0.000,16.470,22.920,76.000,566.690,8501.000,0.000,17.120,22.920,78.580,565.610,5000.000,-80.000,0.000,11.850,22.000,76.000,574.400,8501.000,80.000,
9/17/2020,9/17/2020,aFRR,NEG_00_04,0.000,5.420,28.290,15.000,-969.120,-9999.000,0.000,5.560,28.290,14.000,-912.720,-9999.000,-52.000,0.000,4.340,27.720,15.000,-1406.440,-5900.000,52.000,
9/17/2020,9/17/2020,aFRR,NEG_04_08,0.000,2.100,9.690,18.530,-850.510,-9999.000,0.000,2.310,9.690,18.530,-823.140,-9999.000,-80.000,0.000,0.700,4.000,17.000,-1030.510,-5900.000,80.000,
9/17/2020,9/17/2020,aFRR,NEG_08_12,0.000,0.000,0.000,19.110,-75.420,-300.000,0.000,0.000,0.000,19.110,-85.610,-300.000,-80.000,0.000,0.000,0.000,17.000,-5.350,-19.000,80.000,
9/17/2020,9/17/2020,aFRR,NEG_12_16,0.000,0.340,3.000,17.000,-614.540,-9999.000,0.000,0.370,3.000,16.110,-652.210,-9999.000,-58.000,0.000,0.070,3.000,17.000,-327.110,-5800.000,58.000,
9/17/2020,9/17/2020,aFRR,NEG_16_20,0.000,0.000,0.000,18.530,-86.170,-300.000,0.000,0.000,0.000,18.530,-96.240,-300.000,-80.000,0.000,0.000,0.000,18.000,-20.050,-97.350,80.000,
9/17/2020,9/17/2020,aFRR,NEG_20_24,0.000,0.000,0.000,18.530,-54.470,-300.000,0.000,0.000,0.000,18.530,-60.350,-300.000,-80.000,0.000,0.000,0.000,18.000,-13.360,-87.000,80.000,
9/18/2020,9/18/2020,aFRR,POS_00_04,0.000,3.350,6.000,57.000,4201.500,8370.000,0.000,3.850,6.000,59.750,4813.380,8370.000,-80.000,0.000,0.000,0.000,57.000,115.080,149.400,80.000,
9/18/2020,9/18/2020,aFRR,POS_04_08,0.000,15.850,19.400,65.600,541.750,8380.200,0.000,16.040,19.400,71.240,549.080,8380.200,37.000,0.000,13.520,19.360,65.600,448.400,8341.650,-37.000,
9/18/2020,9/18/2020,aFRR,POS_08_12,0.000,22.800,27.480,71.000,490.580,8370.000,0.000,23.300,27.480,76.030,472.370,8370.000,23.000,0.000,16.860,27.240,71.000,707.980,8099.500,-23.000,
9/18/2020,9/18/2020,aFRR,POS_12_16,0.000,3.810,7.200,64.750,3739.470,8370.000,0.000,3.850,5.760,64.750,3898.630,8370.000,80.000,0.000,3.160,7.200,65.800,895.690,8099.500,-80.000,
9/18/2020,9/18/2020,aFRR,POS_16_20,0.000,29.190,47.400,68.300,607.030,8370.000,0.000,30.070,47.400,68.300,453.210,8370.000,-80.000,5.680,22.810,37.080,72.000,1729.360,8341.700,80.000,
9/18/2020,9/18/2020,aFRR,POS_20_24,0.000,14.080,17.080,77.000,518.380,8453.330,0.000,14.780,17.080,78.000,452.570,8370.000,-80.000,0.000,9.210,15.240,77.000,978.360,8453.330,80.000,
9/18/2020,9/18/2020,aFRR,NEG_00_04,0.000,5.780,13.640,16.490,-1000.320,-9999.000,0.000,5.840,13.640,16.490,-983.660,-9999.000,-26.000,0.000,5.260,13.200,14.000,-1145.350,-5790.000,26.000,
9/18/2020,9/18/2020,aFRR,NEG_04_08,0.000,0.960,3.420,19.120,-1764.520,-5999.000,0.000,0.950,3.420,19.120,-1852.480,-5999.000,-40.000,0.000,1.010,3.200,16.000,-1069.560,-5626.000,40.000,
9/18/2020,9/18/2020,aFRR,NEG_08_12,0.000,0.000,0.000,20.960,-114.270,-867.000,0.000,0.000,0.000,20.960,-130.280,-867.000,-80.000,0.000,0.000,0.000,17.000,-4.010,-14.490,80.000,
9/18/2020,9/18/2020,aFRR,NEG_12_16,0.000,0.130,2.000,16.100,-619.570,-9999.000,0.000,0.140,2.000,16.100,-641.570,-9999.000,-51.000,0.000,0.000,0.000,16.000,-441.990,-5626.000,51.000,
9/18/2020,9/18/2020,aFRR,NEG_16_20,0.000,0.000,0.000,20.960,-154.780,-887.000,0.000,0.000,0.000,20.960,-175.040,-887.000,-80.000,0.000,0.000,0.000,17.000,-12.560,-67.000,80.000,
9/18/2020,9/18/2020,aFRR,NEG_20_24,0.000,0.000,0.000,20.960,-70.990,-300.000,0.000,0.000,0.000,20.960,-79.690,-300.000,-80.000,0.000,0.000,0.000,17.500,-11.800,-64.910,80.000,
9/19/2020,9/19/2020,aFRR,POS_00_04,0.000,0.870,3.330,59.000,446.310,8370.000,0.000,0.930,3.330,60.120,484.350,8370.000,-30.000,0.000,0.360,3.120,59.000,109.800,150.000,30.000,
9/19/2020,9/19/2020,aFRR,POS_04_08,0.000,4.740,8.940,62.130,671.520,8380.200,0.000,4.730,8.940,62.130,654.430,8380.200,24.000,0.000,4.800,8.840,64.960,869.650,8333.290,-24.000,
9/19/2020,9/19/2020,aFRR,POS_08_12,0.000,6.910,13.220,66.900,459.740,8370.000,0.000,6.960,13.220,66.900,389.760,8370.000,33.000,0.000,6.220,13.160,70.370,1343.910,8091.450,-33.000,
9/19/2020,9/19/2020,aFRR,POS_12_16,0.000,0.340,2.670,60.120,703.210,8370.000,0.000,0.370,2.670,60.120,641.620,8370.000,-80.000,0.000,0.120,2.520,65.000,1150.590,8091.400,80.000,
9/19/2020,9/19/2020,aFRR,POS_16_20,0.000,15.470,26.680,71.000,781.760,8370.000,0.000,15.490,26.680,77.900,768.050,8370.000,-28.000,0.000,15.290,26.320,71.000,908.930,8242.870,28.000,
9/19/2020,9/19/2020,aFRR,POS_20_24,0.000,8.850,14.100,74.550,981.940,8370.000,0.000,9.340,14.100,74.550,989.890,8370.000,-80.000,0.000,5.290,8.840,77.000,924.510,8324.140,80.000,
9/19/2020,9/19/2020,aFRR,NEG_00_04,0.000,2.600,6.400,88.000,-2504.930,-5999.000,0.000,2.490,4.860,13.770,-2603.760,-5999.000,80.000,0.000,4.440,6.400,88.000,-828.150,-4849.000,-80.000,
9/19/2020,9/19/2020,aFRR,NEG_04_08,0.000,0.060,2.000,15.010,-498.250,-3849.000,0.000,0.000,0.000,15.010,-489.640,-1611.000,80.000,0.000,1.120,2.000,8.000,-640.500,-3849.000,-80.000,
9/19/2020,9/19/2020,aFRR,NEG_08_12,0.000,0.060,1.330,21.790,-513.580,-9999.000,0.000,0.070,1.330,21.790,-462.940,-9999.000,-4.000,0.000,0.030,0.960,12.000,-1020.900,-5999.000,4.000,
9/19/2020,9/19/2020,aFRR,NEG_12_16,0.000,6.960,18.280,13.530,-695.280,-9999.000,0.000,7.120,18.280,13.530,-609.920,-9999.000,-9.000,0.000,5.460,17.040,10.000,-1506.400,-8300.000,9.000,
9/19/2020,9/19/2020,aFRR,NEG_16_20,0.000,0.020,1.000,22.230,-776.750,-9999.000,0.000,0.010,1.000,22.230,-767.170,-9999.000,39.000,0.000,0.080,0.960,12.000,-901.930,-5999.000,-39.000,
9/19/2020,9/19/2020,aFRR,NEG_20_24,0.000,0.000,0.000,20.230,-92.860,-344.000,0.000,0.000,0.000,20.230,-98.550,-344.000,14.000,0.000,0.000,0.000,12.000,-31.320,-200.740,-14.000,
9/20/2020,9/20/2020,aFRR,POS_00_04,0.000,0.000,0.000,52.290,159.850,504.000,0.000,0.000,0.000,52.290,164.700,504.000,15.000,0.000,0.000,0.000,59.000,105.370,150.000,-15.000,
9/20/2020,9/20/2020,aFRR,POS_04_08,0.000,1.150,4.630,57.290,403.360,8500.000,0.000,1.230,4.630,57.290,305.600,8370.000,-72.000,0.000,0.590,4.000,63.000,1089.430,8500.000,72.000,
9/20/2020,9/20/2020,aFRR,POS_08_12,0.000,4.120,7.380,57.290,403.590,8370.000,0.000,4.260,7.380,57.290,318.120,8370.000,-80.000,0.000,3.100,7.120,69.770,1007.400,8083.360,80.000,
9/20/2020,9/20/2020,aFRR,POS_12_16,0.000,0.000,0.000,57.290,137.430,244.000,0.000,0.000,0.000,57.290,139.790,244.000,-31.000,0.000,0.000,0.000,63.000,115.890,199.830,31.000,
9/20/2020,9/20/2020,aFRR,POS_16_20,0.000,13.440,21.330,69.580,318.780,9929.500,0.000,13.760,21.330,69.580,290.240,9929.500,-80.000,0.000,11.010,17.480,75.000,530.250,5450.000,80.000,
9/20/2020,9/20/2020,aFRR,POS_20_24,0.000,8.230,19.440,62.910,376.950,8474.900,0.000,9.060,19.440,62.910,312.230,8474.900,-80.000,0.000,2.240,8.440,76.000,844.830,8014.660,80.000,
9/20/2020,9/20/2020,aFRR,NEG_00_04,0.000,1.930,4.480,15.530,-626.120,-9999.000,0.000,1.880,4.000,15.530,-578.440,-9999.000,79.000,0.000,2.780,4.480,1.000,-1432.400,-5999.000,-79.000,
9/20/2020,9/20/2020,aFRR,NEG_04_08,0.000,0.020,1.280,15.700,-221.690,-5999.000,0.000,0.000,0.000,15.700,-148.650,-1999.000,80.000,0.000,0.410,1.280,2.000,-1425.630,-5999.000,-80.000,
9/20/2020,9/20/2020,aFRR,NEG_08_12,0.000,0.110,3.600,15.000,-748.490,-9999.000,0.000,0.090,1.600,15.000,-678.880,-9999.000,80.000,0.000,0.410,3.600,6.000,-1991.110,-5999.000,-80.000,
9/20/2020,9/20/2020,aFRR,NEG_12_16,0.000,14.400,31.600,15.000,-722.470,-9999.000,0.000,14.690,31.600,15.000,-646.740,-9999.000,32.000,0.000,10.980,27.960,2.000,-1638.040,-5999.000,-32.000,
9/20/2020,9/20/2020,aFRR,NEG_16_20,0.000,0.000,0.960,19.770,-942.420,-5999.000,0.000,0.000,0.000,19.770,-899.650,-4539.571,76.000,0.000,0.040,0.960,0.000,-1642.550,-5999.000,-76.000,
9/20/2020,9/20/2020,aFRR,NEG_20_24,0.000,0.000,0.000,17.000,-65.880,-300.000,0.000,0.000,0.000,17.000,-65.890,-300.000,23.000,0.000,0.000,0.000,6.000,-65.700,-288.000,-23.000,
9/21/2020,9/21/2020,aFRR,POS_00_04,0.000,15.530,88.890,52.030,750.340,8370.000,0.000,17.830,88.890,52.030,846.910,8370.000,-80.000,0.000,0.160,3.800,59.000,106.750,249.000,80.000,
9/21/2020,9/21/2020,aFRR,POS_04_08,0.000,81.960,1213.330,63.000,701.840,9999.910,0.000,92.800,1213.330,63.710,603.750,9999.910,-80.000,0.000,3.900,15.600,63.000,1408.440,8486.830,80.000,
9/21/2020,9/21/2020,aFRR,POS_08_12,0.000,36.820,80.690,65.600,617.190,8370.000,0.000,40.660,80.690,65.600,523.840,8370.000,-80.000,0.000,9.030,32.000,68.000,1292.290,8083.360,80.000,
9/21/2020,9/21/2020,aFRR,POS_12_16,0.000,17.550,212.220,54.170,574.060,8370.000,0.000,19.800,212.220,54.170,618.190,8370.000,-80.000,0.000,1.400,7.200,63.000,258.220,5060.640,80.000,
9/21/2020,9/21/2020,aFRR,POS_16_20,0.000,101.640,220.000,71.000,979.040,8370.000,0.000,113.550,220.000,79.230,1042.190,8370.000,-80.000,0.000,16.050,49.960,71.000,525.240,5431.690,80.000,
9/21/2020,9/21/2020,aFRR,POS_20_24,0.000,37.880,92.310,71.000,646.810,9898.200,0.000,41.630,92.310,75.100,655.180,9898.200,-80.000,0.000,12.310,36.720,71.000,589.670,8014.660,80.000,
9/21/2020,9/21/2020,aFRR,NEG_00_04,0.000,6.010,28.850,17.500,-823.080,-9999.000,0.000,6.180,28.850,17.500,-732.820,-9999.000,-3.000,0.000,4.380,27.800,15.100,-1709.250,-5999.000,3.000,
9/21/2020,9/21/2020,aFRR,NEG_04_08,0.000,0.510,7.860,19.870,-778.750,-9999.000,0.000,0.530,7.860,19.870,-687.770,-9999.000,-3.000,0.000,0.260,1.800,15.500,-1656.250,-5999.000,3.000,
9/21/2020,9/21/2020,aFRR,NEG_08_12,0.000,0.000,0.000,21.370,-65.480,-299.000,0.000,0.000,0.000,21.370,-66.990,-299.000,-46.000,0.000,0.000,0.000,14.950,-53.600,-199.480,46.000,
9/21/2020,9/21/2020,aFRR,NEG_12_16,0.000,3.250,12.240,18.400,-756.620,-9999.000,0.000,3.380,12.240,18.400,-645.520,-9999.000,-53.000,0.000,2.260,8.320,14.900,-1609.860,-5999.000,53.000,
9/21/2020,9/21/2020,aFRR,NEG_16_20,0.000,0.000,0.000,22.230,-74.700,-300.000,0.000,0.000,0.000,22.230,-78.840,-300.000,-58.000,0.000,0.000,0.000,15.100,-43.280,-177.770,58.000,
9/21/2020,9/21/2020,aFRR,NEG_20_24,0.000,0.000,0.000,21.370,-38.480,-167.000,0.000,0.000,0.000,21.370,-40.840,-167.000,-80.000,0.000,0.000,0.000,16.950,-22.460,-119.000,80.000,
9/22/2020,9/22/2020,aFRR,POS_00_04,0.000,19.610,32.920,60.270,533.800,8370.000,0.000,22.550,32.920,60.270,599.290,8370.000,-80.000,0.000,0.630,7.720,62.000,111.190,248.000,80.000,
9/22/2020,9/22/2020,aFRR,POS_04_08,0.000,63.270,132.000,64.960,579.930,9999.000,0.000,70.560,132.000,67.630,443.840,9999.000,-80.000,0.000,11.400,21.120,64.960,1548.130,8400.000,80.000,
9/22/2020,9/22/2020,aFRR,POS_08_12,0.000,51.820,82.000,69.000,559.720,8370.000,0.000,55.390,82.000,76.300,452.100,8370.000,-80.000,0.000,25.620,47.360,69.000,1349.610,8083.360,80.000,
9/22/2020,9/22/2020,aFRR,POS_12_16,0.000,24.560,70.040,65.000,521.090,8370.000,0.000,27.410,70.040,70.270,528.650,8370.000,-80.000,0.000,3.640,7.960,65.000,465.710,5060.640,80.000,
9/22/2020,9/22/2020,aFRR,POS_16_20,0.000,124.730,233.330,79.230,569.850,8370.000,0.000,135.930,233.330,79.230,602.190,8370.000,-80.000,0.000,45.570,87.800,98.000,341.090,3994.000,80.000,
9/22/2020,9/22/2020,aFRR,POS_20_24,0.000,49.220,81.540,80.300,462.100,9898.200,0.000,51.980,81.540,80.300,459.170,9898.200,-80.000,0.000,30.270,52.640,93.000,482.270,8014.660,80.000,
9/22/2020,9/22/2020,aFRR,NEG_00_04,0.000,10.970,28.430,18.840,-779.990,-9999.000,0.000,11.450,28.430,18.840,-684.010,-9999.000,-48.000,0.000,7.270,25.920,15.100,-1529.230,-5999.000,48.000,
9/22/2020,9/22/2020,aFRR,NEG_04_08,0.000,2.120,8.570,23.740,-800.360,-9999.000,0.000,2.170,8.570,23.740,-704.690,-9999.000,-80.000,0.000,1.790,6.320,15.500,-1445.380,-5999.000,80.000,
9/22/2020,9/22/2020,aFRR,NEG_08_12,0.000,0.000,0.000,26.240,-143.710,-1999.000,0.000,0.000,0.000,26.240,-158.400,-1999.000,-80.000,0.000,0.000,0.000,17.000,-38.760,-108.840,80.000,
9/22/2020,9/22/2020,aFRR,NEG_12_16,0.000,3.520,13.970,20.200,-1270.180,-9999.000,0.000,3.980,13.970,20.200,-1191.350,-9999.000,-80.000,0.000,0.280,2.800,0.000,-1819.730,-5999.000,80.000,
9/22/2020,9/22/2020,aFRR,NEG_16_20,0.000,0.000,0.000,26.240,-86.070,-300.000,0.000,0.000,0.000,26.240,-95.400,-300.000,-80.000,0.000,0.000,0.000,22.300,-21.100,-96.000,80.000,
9/22/2020,9/22/2020,aFRR,NEG_20_24,0.000,0.000,0.000,26.240,-43.180,-300.000,0.000,0.000,0.000,26.240,-46.920,-300.000,-80.000,0.000,0.000,0.000,20.500,-16.990,-73.670,80.000,
9/23/2020,9/23/2020,aFRR,POS_00_04,0.000,9.730,14.200,59.000,532.270,3999.000,0.000,10.710,14.200,64.000,591.890,3999.000,-80.000,0.000,3.000,7.400,59.000,124.040,999.000,80.000,
9/23/2020,9/23/2020,aFRR,POS_04_08,0.000,35.080,53.970,65.500,707.620,8391.600,0.000,38.080,53.970,70.300,514.040,8380.200,-80.000,0.000,13.540,20.320,65.500,2096.570,8391.600,80.000,
9/23/2020,9/23/2020,aFRR,POS_08_12,0.000,35.600,57.080,69.500,1327.210,8370.000,0.000,36.290,57.080,78.770,1292.250,8370.000,-80.000,0.000,30.490,46.720,69.500,1584.980,8011.220,80.000,
9/23/2020,9/23/2020,aFRR,POS_12_16,0.000,14.700,24.560,65.500,418.970,8370.000,0.000,16.090,24.560,69.140,414.280,8370.000,-80.000,0.000,4.580,8.920,65.500,453.030,5010.190,80.000,
9/23/2020,9/23/2020,aFRR,POS_16_20,0.000,63.630,110.060,80.000,630.800,8370.000,0.000,64.060,110.060,85.760,633.230,8370.000,-80.000,0.000,60.470,95.920,80.000,613.190,3951.330,80.000,
9/23/2020,9/23/2020,aFRR,POS_20_24,0.000,31.110,43.170,83.340,466.490,9898.200,0.000,31.580,43.170,83.340,434.240,9898.200,-32.000,0.000,26.920,42.840,85.000,755.510,6881.110,32.000,
9/23/2020,9/23/2020,aFRR,NEG_00_04,0.000,9.560,15.600,17.500,-712.480,-9999.000,0.000,9.840,15.600,17.000,-650.680,-9999.000,14.000,0.000,6.490,15.600,17.500,-1384.030,-5999.000,-14.000,
9/23/2020,9/23/2020,aFRR,NEG_04_08,0.000,1.750,4.640,20.000,-691.940,-9999.000,0.000,1.870,4.640,19.690,-599.000,-9999.000,17.000,0.000,0.500,3.960,20.000,-1675.750,-5999.000,-17.000,
9/23/2020,9/23/2020,aFRR,NEG_08_12,0.000,0.000,0.000,24.500,-53.700,-266.110,0.000,0.000,0.000,20.300,-57.450,-266.110,-80.000,0.000,0.000,0.000,24.500,-27.550,-91.910,80.000,
9/23/2020,9/23/2020,aFRR,NEG_12_16,0.000,3.230,8.000,17.500,-1101.780,-9999.000,0.000,3.680,8.000,16.280,-1105.770,-9999.000,-80.000,0.000,0.000,0.000,17.500,-1073.410,-5898.910,80.000,
9/23/2020,9/23/2020,aFRR,NEG_16_20,0.000,0.000,0.000,22.500,-56.770,-297.000,0.000,0.000,0.000,22.000,-62.450,-297.000,-80.000,0.000,0.000,0.000,22.500,-17.690,-69.000,80.000,
9/23/2020,9/23/2020,aFRR,NEG_20_24,0.000,0.000,0.000,22.500,-49.780,-220.720,0.000,0.000,0.000,21.200,-55.200,-220.720,-80.000,0.000,0.000,0.000,22.500,-12.330,-44.000,80.000,
9/24/2020,9/24/2020,aFRR,POS_00_04,0.000,1.350,3.880,61.160,1938.500,6211.000,0.000,1.380,3.880,61.160,2078.010,6211.000,37.000,0.000,0.960,3.840,62.500,141.120,999.000,-37.000,
9/24/2020,9/24/2020,aFRR,POS_04_08,0.000,12.530,21.500,64.820,1020.000,8383.210,0.000,12.710,21.500,64.820,850.460,8370.000,-80.000,0.000,11.140,18.320,71.950,2271.560,8383.210,80.000,
9/24/2020,9/24/2020,aFRR,POS_08_12,0.000,20.140,32.620,69.320,1166.210,8370.000,0.000,20.320,32.620,69.320,1127.130,8370.000,23.000,0.000,17.870,32.360,75.000,1650.890,5323.400,-23.000,
9/24/2020,9/24/2020,aFRR,POS_12_16,0.000,3.250,8.480,63.160,1389.540,3921.000,0.000,3.170,8.440,63.160,1503.840,3921.000,-57.000,0.000,3.960,8.480,68.000,476.940,2778.000,57.000,
9/24/2020,9/24/2020,aFRR,POS_16_20,0.000,39.530,58.260,76.310,1213.590,9929.500,0.000,39.710,58.260,76.310,1193.820,9929.500,61.000,0.000,36.750,57.400,90.000,1523.930,3943.760,-61.000,
9/24/2020,9/24/2020,aFRR,POS_20_24,0.000,19.980,29.420,70.340,902.180,8474.900,0.000,20.110,29.420,70.340,833.440,8474.900,-28.000,0.000,18.780,29.280,87.000,1526.560,6195.070,28.000,
9/24/2020,9/24/2020,aFRR,NEG_00_04,0.000,13.000,35.000,17.000,-757.730,-9999.000,0.000,13.290,35.000,16.000,-678.540,-9999.000,-10.000,0.000,10.260,33.920,17.000,-1515.240,-8300.000,10.000,
9/24/2020,9/24/2020,aFRR,NEG_04_08,0.000,3.380,16.430,19.500,-767.220,-9999.000,0.000,3.580,16.430,17.670,-665.420,-9999.000,0.000,0.000,1.490,16.000,19.500,-1758.190,-8300.000,0.000,
9/24/2020,9/24/2020,aFRR,NEG_08_12,0.000,0.960,7.210,20.000,-584.700,-9999.000,0.000,0.960,7.210,19.160,-614.890,-9999.000,-23.000,0.000,0.990,6.600,20.000,-318.320,-4502.000,23.000,
9/24/2020,9/24/2020,aFRR,NEG_12_16,0.000,8.560,25.560,17.000,-876.460,-9999.000,0.000,9.170,25.560,15.620,-849.010,-9999.000,-58.000,0.000,3.850,24.960,17.000,-1086.480,-8300.000,58.000,
9/24/2020,9/24/2020,aFRR,NEG_16_20,0.000,0.000,0.000,23.960,-106.340,-999.000,0.000,0.000,0.000,23.960,-114.960,-999.000,-54.000,0.000,0.000,0.000,22.000,-41.700,-399.000,54.000,
9/24/2020,9/24/2020,aFRR,NEG_20_24,0.000,0.000,0.000,23.190,-58.340,-273.700,0.000,0.000,0.000,23.190,-60.770,-273.700,-46.000,0.000,0.000,0.000,21.500,-38.710,-220.000,46.000,
9/25/2020,9/25/2020,aFRR,POS_00_04,0.000,1.140,3.440,61.790,612.460,8834.800,0.000,1.310,3.440,61.790,680.350,8834.800,-80.000,0.000,0.070,1.120,65.000,157.890,998.000,80.000,
9/25/2020,9/25/2020,aFRR,POS_04_08,0.000,9.120,15.940,67.770,2264.400,8383.200,0.000,9.090,15.940,67.770,2277.940,8383.200,-78.000,0.000,9.340,15.840,71.000,2167.680,8247.060,78.000,
9/25/2020,9/25/2020,aFRR,POS_08_12,0.000,17.560,27.000,71.520,3293.890,8911.000,0.000,18.190,27.000,71.520,3543.870,8911.000,-80.000,0.000,13.080,24.000,86.910,1513.640,3739.520,80.000,
9/25/2020,9/25/2020,aFRR,POS_12_16,0.000,3.260,7.120,63.790,963.380,9148.200,0.000,3.200,7.100,63.790,1015.470,9148.200,-53.000,0.000,3.720,7.120,66.000,544.550,2678.130,53.000,
9/25/2020,9/25/2020,aFRR,POS_16_20,0.000,33.090,48.230,77.570,892.200,9929.500,0.000,35.140,48.230,77.570,760.900,9929.500,-80.000,0.000,18.250,30.640,88.000,1841.310,3776.460,80.000,
9/25/2020,9/25/2020,aFRR,POS_20_24,0.000,18.080,24.000,70.260,988.030,8474.900,0.000,18.870,24.000,70.260,807.150,8474.900,-80.000,0.000,12.620,22.000,79.000,2237.410,6185.310,80.000,
9/25/2020,9/25/2020,aFRR,NEG_00_04,0.000,5.810,13.080,16.000,-676.220,-9999.000,0.000,5.730,13.080,16.000,-678.820,-9999.000,63.000,0.000,7.000,12.560,16.000,-637.520,-5349.000,-63.000,
9/25/2020,9/25/2020,aFRR,NEG_04_08,0.000,2.110,6.070,19.990,-750.630,-8300.000,0.000,2.200,6.070,19.990,-693.390,-5999.000,7.000,0.000,1.220,4.000,18.000,-1328.340,-8300.000,-7.000,
9/25/2020,9/25/2020,aFRR,NEG_08_12,0.000,0.000,0.000,20.730,-495.840,-2792.500,0.000,0.000,0.000,20.730,-509.550,-2792.500,11.000,0.000,0.000,0.000,19.200,-348.740,-1997.010,-11.000,
9/25/2020,9/25/2020,aFRR,NEG_12_16,0.000,2.010,6.510,18.060,-799.740,-5999.000,0.000,2.060,6.510,18.060,-793.260,-5999.000,44.000,0.000,1.330,6.240,16.000,-887.830,-4500.000,-44.000,
9/25/2020,9/25/2020,aFRR,NEG_16_20,0.000,0.000,0.000,23.720,-133.260,-917.000,0.000,0.000,0.000,23.720,-141.170,-917.000,-57.000,0.000,0.000,0.000,22.000,-72.300,-599.000,57.000,
9/25/2020,9/25/2020,aFRR,NEG_20_24,0.000,0.000,0.000,22.470,-104.080,-899.667,0.000,0.000,0.000,22.470,-108.250,-899.667,-32.000,0.000,0.000,0.000,21.500,-68.800,-499.000,32.000,
9/26/2020,9/26/2020,aFRR,POS_00_04,0.000,0.000,0.180,48.410,1156.780,8370.000,0.000,0.000,0.180,48.410,1281.790,8370.000,-80.000,0.000,0.000,0.000,65.000,260.710,989.110,80.000,
9/26/2020,9/26/2020,aFRR,POS_04_08,0.000,2.000,5.480,53.410,1355.440,8380.200,0.000,2.010,5.100,53.410,1328.290,8380.200,77.000,0.000,1.790,5.480,71.500,1817.380,8077.520,-77.000,
9/26/2020,9/26/2020,aFRR,POS_08_12,0.000,5.320,10.680,53.410,1254.130,8370.000,0.000,5.410,10.680,53.410,1218.290,8370.000,46.000,0.000,4.060,10.120,82.000,1748.060,3521.140,-46.000,
9/26/2020,9/26/2020,aFRR,POS_12_16,0.000,0.150,1.960,53.410,1216.460,8370.000,0.000,0.120,1.960,53.410,1242.930,8370.000,42.000,0.000,0.650,1.840,66.000,854.930,2262.920,-42.000,
9/26/2020,9/26/2020,aFRR,POS_16_20,0.000,10.180,18.800,56.810,1306.620,8370.000,0.000,11.110,18.800,56.810,1144.940,8370.000,-80.000,0.000,3.270,12.760,85.000,2500.810,3770.770,80.000,
9/26/2020,9/26/2020,aFRR,POS_20_24,0.000,6.590,11.940,55.760,1270.520,9898.200,0.000,6.660,11.940,55.760,1226.990,9898.200,-14.000,0.000,5.930,11.920,84.000,1692.830,6121.320,14.000,
9/26/2020,9/26/2020,aFRR,NEG_00_04,0.000,1.250,4.640,15.880,-1225.220,-5999.000,0.000,1.220,4.640,15.880,-1222.180,-5999.000,80.000,0.000,1.870,4.560,15.800,-1277.110,-5999.000,-80.000,
9/26/2020,9/26/2020,aFRR,NEG_04_08,0.000,0.510,3.310,19.000,-1302.350,-8300.000,0.000,0.480,3.310,15.830,-1283.480,-8240.000,-3.000,0.000,0.850,3.200,19.000,-1483.980,-8300.000,3.000,
9/26/2020,9/26/2020,aFRR,NEG_08_12,0.000,0.000,0.000,19.000,-406.350,-1977.667,0.000,0.000,0.000,18.450,-415.150,-1977.667,21.000,0.000,0.000,0.000,19.000,-304.290,-1777.000,-21.000,
9/26/2020,9/26/2020,aFRR,NEG_12_16,0.000,1.440,5.850,18.000,-1424.300,-5999.000,0.000,1.490,5.850,17.970,-1398.930,-5999.000,21.000,0.000,0.910,5.360,18.000,-1712.150,-5999.000,-21.000,
9/26/2020,9/26/2020,aFRR,NEG_16_20,0.000,0.000,0.000,20.000,-251.670,-1999.000,0.000,0.000,0.000,15.700,-255.750,-1999.000,12.000,0.000,0.000,0.000,20.000,-206.430,-1999.000,-12.000,
9/26/2020,9/26/2020,aFRR,NEG_20_24,0.000,0.000,0.000,21.000,-323.160,-3071.430,0.000,0.000,0.000,17.000,-347.120,-3071.430,-29.000,0.000,0.000,0.000,21.000,-113.520,-499.000,29.000,
9/27/2020,9/27/2020,aFRR,POS_00_04,0.000,0.000,0.000,55.390,415.260,2255.545,0.000,0.000,0.000,55.390,441.950,2255.545,-80.000,0.000,0.000,0.000,60.000,229.980,685.520,80.000,
9/27/2020,9/27/2020,aFRR,POS_04_08,0.000,0.930,3.640,55.700,859.410,8370.000,0.000,1.070,3.640,55.700,730.390,8370.000,-80.000,0.000,0.000,0.000,65.000,1729.400,8069.420,80.000,
9/27/2020,9/27/2020,aFRR,POS_08_12,0.000,2.610,6.260,55.570,944.590,8370.000,0.000,2.760,6.260,55.570,875.750,8370.000,-80.000,0.000,1.580,4.440,68.000,1435.580,2416.710,80.000,
9/27/2020,9/27/2020,aFRR,POS_12_16,0.000,0.150,2.000,54.330,904.750,9148.200,0.000,0.170,2.000,54.330,879.260,9148.200,-80.000,0.000,0.000,0.000,63.000,1093.710,2084.230,80.000,
9/27/2020,9/27/2020,aFRR,POS_16_20,0.000,10.220,17.860,59.100,851.560,9929.500,0.000,11.280,17.860,59.100,656.850,9929.500,-80.000,0.000,2.370,7.320,73.000,2300.070,3733.120,80.000,
9/27/2020,9/27/2020,aFRR,POS_20_24,0.000,7.760,13.290,58.700,804.320,8474.900,0.000,8.660,13.290,58.700,717.470,8474.900,-80.000,0.000,1.180,6.000,61.000,1434.250,3707.860,80.000,
9/27/2020,9/27/2020,aFRR,NEG_00_04,0.000,7.010,24.000,15.800,-1103.550,-9999.000,0.000,7.490,24.000,15.000,-1036.800,-9999.000,-24.000,0.000,2.800,22.880,15.800,-1687.940,-5999.000,24.000,
9/27/2020,9/27/2020,aFRR,NEG_04_08,0.000,3.980,13.830,16.000,-1019.460,-9420.000,0.000,4.280,13.830,15.810,-946.950,-9420.000,-23.000,0.000,1.360,12.000,16.000,-1640.860,-5999.000,23.000,
9/27/2020,9/27/2020,aFRR,NEG_08_12,0.000,0.000,0.000,16.000,-685.160,-5713.280,0.000,0.000,0.000,15.850,-711.090,-5713.280,14.000,0.000,0.000,0.000,16.000,-400.760,-3900.000,-14.000,
9/27/2020,9/27/2020,aFRR,NEG_12_16,0.000,3.380,9.360,17.500,-980.210,-5999.000,0.000,3.460,9.360,15.830,-891.420,-5999.000,-20.000,0.000,2.650,8.080,17.500,-1779.260,-5999.000,20.000,
9/27/2020,9/27/2020,aFRR,NEG_16_20,0.000,0.000,0.000,16.000,-1352.500,-4832.000,0.000,0.000,0.000,15.610,-1439.740,-4832.000,4.000,0.000,0.000,0.000,16.000,-474.670,-3900.000,-4.000,
9/27/2020,9/27/2020,aFRR,NEG_20_24,0.000,0.000,0.000,17.100,-245.490,-1268.833,0.000,0.000,0.000,17.000,-258.320,-1268.833,-42.000,0.000,0.000,0.000,17.100,-142.830,-879.140,42.000,
9/28/2020,9/28/2020,aFRR,POS_00_04,0.000,1.630,10.590,67.000,613.760,8370.000,0.000,1.880,10.590,67.670,678.830,8370.000,-80.000,0.000,0.000,0.000,67.000,190.570,688.000,80.000,
9/28/2020,9/28/2020,aFRR,POS_04_08,0.000,12.730,28.230,67.000,1013.180,8380.200,0.000,14.160,28.230,73.730,943.320,8380.200,-80.000,0.000,2.470,7.560,67.000,1516.920,8069.440,80.000,
9/28/2020,9/28/2020,aFRR,POS_08_12,0.000,26.950,47.930,68.000,1009.490,8911.000,0.000,29.230,47.930,79.300,1006.550,8911.000,-80.000,0.000,10.360,25.960,68.000,1030.930,2888.000,80.000,
9/28/2020,9/28/2020,aFRR,POS_12_16,0.000,6.550,13.060,63.000,628.750,8370.000,0.000,7.410,13.060,72.000,595.810,8370.000,-80.000,0.000,0.490,2.080,63.000,862.350,2052.090,80.000,
9/28/2020,9/28/2020,aFRR,POS_16_20,0.000,39.880,71.790,66.000,976.900,8370.000,0.000,44.060,71.790,87.330,815.990,8370.000,-80.000,0.000,9.820,44.000,66.000,2133.190,3800.000,80.000,
9/28/2020,9/28/2020,aFRR,POS_20_24,0.000,19.990,31.570,65.000,798.010,9898.200,0.000,22.010,31.570,82.610,782.570,9898.200,-80.000,0.000,6.260,17.920,65.000,902.690,2609.390,80.000,
9/28/2020,9/28/2020,aFRR,NEG_00_04,0.000,6.450,13.330,16.830,-444.530,-9999.000,0.000,6.760,13.330,16.830,-385.090,-9999.000,16.000,0.000,3.060,10.800,15.200,-1097.790,-5850.000,-16.000,
9/28/2020,9/28/2020,aFRR,NEG_04_08,0.000,2.350,6.800,20.430,-558.880,-9999.000,0.000,2.470,6.630,20.430,-503.040,-9999.000,-7.000,0.000,1.250,6.800,15.800,-1090.100,-5845.000,7.000,
9/28/2020,9/28/2020,aFRR,NEG_08_12,0.000,0.000,0.000,21.800,-89.370,-375.000,0.000,0.000,0.000,21.800,-98.040,-375.000,-80.000,0.000,0.000,0.000,16.000,-29.740,-116.930,80.000,
9/28/2020,9/28/2020,aFRR,NEG_12_16,0.000,0.360,3.430,21.140,-876.780,-9999.000,0.000,0.390,3.430,21.140,-811.570,-9999.000,-26.000,0.000,0.150,2.840,16.200,-1446.660,-5944.130,26.000,
9/28/2020,9/28/2020,aFRR,NEG_16_20,0.000,0.000,0.000,24.100,-464.080,-2185.116,0.000,0.000,0.000,24.100,-526.950,-2185.116,-80.000,0.000,0.000,0.000,15.800,-22.830,-105.000,80.000,
9/28/2020,9/28/2020,aFRR,NEG_20_24,0.000,0.000,0.000,24.100,-78.310,-300.000,0.000,0.000,0.000,24.100,-84.940,-300.000,-80.000,0.000,0.000,0.000,17.000,-32.860,-160.020,80.000,
9/29/2020,9/29/2020,aFRR,POS_00_04,0.000,2.560,5.550,65.900,380.540,8370.000,0.000,2.920,5.550,65.900,412.520,8370.000,-80.000,0.000,0.210,3.000,68.000,173.610,682.690,80.000,
9/29/2020,9/29/2020,aFRR,POS_04_08,0.000,16.800,27.820,74.000,627.540,8380.200,0.000,18.240,27.820,75.000,511.690,8380.200,-80.000,0.000,6.500,18.880,74.000,1455.010,8069.440,80.000,
9/29/2020,9/29/2020,aFRR,POS_08_12,0.000,36.430,70.000,75.000,521.950,8370.000,0.000,37.170,70.000,75.000,480.260,8370.000,-80.000,0.000,31.070,54.440,79.000,824.190,2885.230,80.000,
9/29/2020,9/29/2020,aFRR,POS_12_16,0.000,9.480,20.360,73.000,558.000,8370.000,0.000,10.590,20.360,74.000,496.170,8370.000,-80.000,0.000,1.360,9.200,73.000,1009.370,2050.950,80.000,
9/29/2020,9/29/2020,aFRR,POS_16_20,0.000,60.070,89.430,83.950,685.520,8370.000,0.000,63.560,89.430,98.020,495.720,8370.000,-80.000,0.000,35.270,67.040,83.950,2034.480,3748.690,80.000,
9/29/2020,9/29/2020,aFRR,POS_20_24,0.000,24.030,35.540,83.000,487.310,9898.200,0.000,25.340,35.540,88.000,476.350,9898.200,-80.000,0.000,15.070,28.000,83.000,562.320,2460.400,80.000,
9/29/2020,9/29/2020,aFRR,NEG_00_04,0.000,5.650,19.990,16.800,-434.800,-9999.000,0.000,5.870,19.990,16.720,-366.350,-9999.000,-3.000,0.000,3.460,18.800,16.800,-1114.910,-8100.000,3.000,
9/29/2020,9/29/2020,aFRR,NEG_04_08,0.000,3.540,22.000,21.870,-564.180,-9999.000,0.000,3.640,22.000,21.870,-525.010,-9999.000,-36.000,0.000,2.770,20.360,19.800,-886.480,-5799.000,36.000,
9/29/2020,9/29/2020,aFRR,NEG_08_12,0.000,0.020,3.500,21.870,-299.100,-9999.000,0.000,0.020,3.500,21.870,-338.130,-9999.000,-80.000,0.000,0.000,0.000,21.800,-19.170,-89.990,80.000,
9/29/2020,9/29/2020,aFRR,NEG_12_16,0.000,0.150,1.600,21.000,-2087.020,-9420.000,0.000,0.170,1.600,21.000,-2201.850,-9420.000,-80.000,0.000,0.030,1.440,19.000,-1280.370,-5847.530,80.000,
9/29/2020,9/29/2020,aFRR,NEG_16_20,0.000,0.000,0.000,22.000,-105.610,-824.000,0.000,0.000,0.000,22.000,-118.610,-824.000,-80.000,0.000,0.000,0.000,18.500,-14.140,-57.760,80.000,
9/29/2020,9/29/2020,aFRR,NEG_20_24,0.000,0.000,0.000,22.000,-71.610,-300.000,0.000,0.000,0.000,22.000,-78.950,-300.000,-80.000,0.000,0.000,0.000,18.000,-19.210,-156.250,80.000,
9/30/2020,9/30/2020,aFRR,POS_00_04,0.000,1.280,3.000,69.700,3474.650,8370.000,0.000,1.470,3.000,69.700,3961.660,8370.000,-80.000,0.000,0.050,1.680,70.000,159.540,212.720,80.000,
9/30/2020,9/30/2020,aFRR,POS_04_08,0.000,13.310,18.360,71.700,3622.910,8380.200,0.000,13.670,18.360,71.700,3832.290,8380.200,-61.000,0.000,10.550,18.320,74.000,2001.580,8008.200,61.000,
9/30/2020,9/30/2020,aFRR,POS_08_12,0.000,44.490,55.380,73.700,350.230,8370.000,0.000,44.720,55.380,73.700,304.420,8370.000,-1.000,7.760,42.070,55.200,80.850,833.650,2148.000,1.000,
9/30/2020,9/30/2020,aFRR,POS_12_16,0.000,6.770,11.840,71.700,3561.080,8370.000,0.000,6.890,11.840,71.700,3851.220,8370.000,-38.000,0.000,5.680,10.960,72.580,1082.720,2048.920,38.000,
9/30/2020,9/30/2020,aFRR,POS_16_20,0.000,58.060,69.290,75.700,434.380,8370.000,0.000,59.050,69.290,75.700,312.100,8370.000,-16.000,8.800,48.500,68.280,86.350,1617.550,3115.840,16.000,
9/30/2020,9/30/2020,aFRR,POS_20_24,0.000,19.980,24.240,75.700,327.610,9898.200,0.000,20.310,24.240,75.700,315.100,9898.200,-21.000,0.000,16.810,24.080,84.270,445.440,1323.980,21.000,
9/30/2020,9/30/2020,aFRR,NEG_00_04,0.000,8.590,22.680,17.000,-432.780,-9999.000,0.000,8.990,22.000,16.370,-380.120,-9999.000,-11.000,0.000,4.780,22.680,17.000,-934.400,-8100.000,11.000,
9/30/2020,9/30/2020,aFRR,NEG_04_08,0.000,3.320,13.000,22.000,-1525.210,-9420.000,0.000,3.290,13.000,20.760,-1619.710,-9420.000,-15.000,0.000,3.580,12.720,22.000,-690.480,-8100.000,15.000,
9/30/2020,9/30/2020,aFRR,NEG_08_12,0.000,0.640,6.670,22.000,-598.240,-9420.000,0.000,0.610,6.670,21.760,-644.870,-9420.000,-76.000,0.000,0.860,6.320,22.000,-268.420,-4501.000,76.000,
9/30/2020,9/30/2020,aFRR,NEG_12_16,0.000,0.330,4.000,21.400,-532.880,-9420.000,0.000,0.360,4.000,21.400,-505.070,-9420.000,-55.000,0.000,0.120,2.680,18.000,-751.960,-5800.000,55.000,
9/30/2020,9/30/2020,aFRR,NEG_16_20,0.000,0.000,0.000,20.760,-76.100,-600.000,0.000,0.000,0.000,20.760,-85.750,-600.000,-80.000,0.000,0.000,0.000,20.000,-9.660,-28.800,80.000,
9/30/2020,9/30/2020,aFRR,NEG_20_24,0.000,0.000,0.410,20.000,-201.460,-9420.000,0.000,0.000,0.410,20.000,-218.660,-9420.000,-34.000,0.000,0.000,0.000,20.000,-55.800,-699.000,34.000,
